"ID","Avatar","Display Name","Url","Registration date"
"2","","chad","","2013-06-28 22:24:40",""
"3","","chadseeker","http://www.catapulture.com.au","2013-06-28 23:02:18",""
"4","","hidyclum","","2013-07-11 03:47:53",""
"5","","John.Sarkis","","2013-07-11 20:19:05",""
"6","","carpinteyroyas","","2013-07-18 23:38:36",""
"7","","youstkatmtc","","2013-07-19 05:33:08",""
"8","","Dexter","https://www.facebook.com/dexter.parker.12327","2013-08-02 21:53:16",""
"9","","richardjharris969","","2013-08-16 00:08:43",""
"10","","Delabtiu","","2013-08-16 06:01:39",""
"11","","Tesspysu","","2013-08-20 21:03:36",""
